aptSeq,aptNm,umdNm,road_key,jibun_key,거래건수,kaptCode,kaptName,matched_by
11680-3623,도곡렉슬,도곡동,선릉로 221,도곡동 527,296,A13527203,도곡렉슬,road
11680-314,까치마을,수서동,광평로19길 10,수서동 746,282,A13522007,수서까치마을,road
11680-4929,개포래미안포레스트,개포동,개포로 264,개포동 1282,264,A10024564,개포래미안포레스트,road
11680-280,성원대치2단지아파트,개포동,개포로109길 9,개포동 12,261,A13524009,개포대치2단지,road
11680-4800,래미안블레스티지,개포동,선릉로 8,개포동 1280,188,A10025675,래미안블레스티지,road
11680-218,은마,대치동,삼성로 212,대치동 316,186,A13583507,은마,road
11680-319,신동아,수서동,광평로47길 17,수서동 736,170,A13522006,수서신동아,road
11680-4375,강남자곡 힐스테이트,자곡동,자곡로3길 21,자곡동 619,142,A10027985,강남자곡힐스테이트아파트,road
11680-5235,개포자이프레지던스,개포동,삼성로 14,개포동 1284,138,A10023348,개포자이프레지던스,road
11680-3621,역삼래미안,역삼동,선릉로69길 19,역삼동 757,129,A13592706,역삼래미안,road
11680-4090,세곡푸르지오,세곡동,자곡로 21,세곡동 533,126,A13519006,세곡푸르지오,road
11680-4394,래미안대치팰리스,대치동,삼성로51길 37,대치동 1027,123,,,none
11680-3834,삼성동힐스테이트 1단지,삼성동,학동로68길 29,삼성동 16-2,123,A13509012,삼성힐스테이트1단지,road
11680-4780,래미안 개포 루체하임,일원동,개포로110길 50,일원동 741,120,A10025823,래미안개포루체하임,road
11680-308,푸른마을아파트101동~111동,일원동,일원로14길 25,일원동 719,120,A13594203,푸른마을아파트,road
11680-4850,디에이치아너힐즈,개포동,삼성로 11,개포동 1281,112,A10025203,디에이치 아너힐즈,road
11680-4332,강남자곡아이파크,자곡동,자곡로 175,자곡동 602,111,A10028172,강남자곡아이파크,road
11680-279,삼익대청아파트,개포동,개포로109길 21,개포동 12,110,A13594007,대청,road
11680-4319,래미안강남힐즈,자곡동,자곡로 101,자곡동 611,103,A13520003,래미안강남힐즈,road
11680-305,수서,일원동,양재대로55길 12,일원동 711,100,A13593801,일원동 수서아파트,road
11680-3643,역삼푸르지오,역삼동,언주로 332,역삼동 754-1,98,A13592604,역삼푸르지오,road
11680-290,개포주공6단지,개포동,개포로 516,개포동 185,96,A13599301,개포주공7단지,road
11680-391,개포주공5단지,개포동,삼성로4길 17,개포동 187,96,A13599402,개포주공5단지,road
11680-4324,강남데시앙포레,수서동,광평로34길 55,수서동 795,92,A13552002,강남데시앙포레,road
11680-222,한보미도맨션1,대치동,삼성로 150,대치동 511,90,A13528004,대치미도맨션,road
11680-327,럭키(963),도곡동,논현로 213,도곡동 963,89,A13585804,역삼럭키,road
11680-4988,디에이치자이개포,일원동,영동대로 22,일원동 743,87,A10024216,디에이치 자이 개포,road
11680-109,신동아(22),논현동,강남대로146길 28,논현동 22,87,A13501004,논현신동아,road
11680-578,개포주공7단지,개포동,개포로 516,개포동 185,85,A13599301,개포주공7단지,road
11680-3622,e-편한세상,역삼동,선릉로69길 20,역삼동 755-4,84,A13592605,역삼e-편한세상,road
11680-364,타워팰리스1,도곡동,언주로30길 56,도곡동 467,80,A13527017,타워팰리스1차,road
11680-4199,강남엘에이치1단지,세곡동,헌릉로571길 20,세곡동 579,79,A13519007,강남엘에이치1단지,road
11680-4004,청담자이,청담동,영동대로138길 12,청담동 134-38,78,A13510007,청담자이,road
11680-20,미성2차,압구정동,압구정로 113,압구정동 397,78,A13511003,압구정미성2차,road
11680-378,한양1차(영동한양),압구정동,압구정로 321,압구정동 490,78,,,none
11680-3830,현대힐스테이트2단지,삼성동,삼성로111길 8,삼성동 50,76,A13570501,삼성동힐스테이트2단지,road
11680-317,삼익,수서동,광평로51길 27,수서동 708,73,A13522003,수서삼익,road
11680-205,대치삼성,대치동,도곡로78길 22,대치동 1014-3,73,A13528003,대치삼성,road
11680-4298,강남한양수자인(4단지),자곡동,자곡로 260,자곡동 686,72,A13520002,강남한양수자인,road
11680-365,타워팰리스2,도곡동,언주로30길 57,도곡동 467-17,69,A13585402,타워팰리스2차,road
11680-331,삼성래미안,도곡동,남부순환로 2803,도곡동 91-5,69,,,none
11680-3752,대치아이파크,대치동,선릉로 222,대치동 888,69,A13528102,대치아이파크,road
11680-601,동부센트레빌,대치동,선릉로 206,대치동 670,68,A13528103,대치동부센트레빌,road
11680-426,신현대12차,압구정동,압구정로 151,압구정동 434,68,A13511004,압구정신현대,road
11680-275,대우디오빌,역삼동,언주로 427,역삼동 720-25,67,A13592002,대우디오빌역삼,road
11680-420,"현대6차(78~81,83,84,86,87동)",압구정동,압구정로 201,압구정동 456,67,,,none
11680-481,한보미도맨션2,대치동,삼성로 150,대치동 511,66,A13528004,대치미도맨션,road
11680-310,개포한신,일원동,개포로110길 43,일원동 615-1,65,A13594402,개포한신,road
11680-206,대치현대,대치동,삼성로64길 5,대치동 974,64,A13583701,대치현대,road
11680-316,삼성,수서동,광평로31길 27,수서동 747,64,A13522004,수서삼성,road
11680-5271,대치푸르지오발라드,개포동,개포로 407,개포동 176-2,62,,,none
11680-3679,역삼I'PARK,역삼동,역삼로 307,역삼동 713-11,61,A13508009,역삼아이파크,road
11680-320,경남,도곡동,논현로 209,도곡동 967,61,A13527008,도곡경남,road
11680-4296,테헤란아이파크,역삼동,테헤란로52길 16,역삼동 709-5,61,A13508012,테헤란 IPARK,road
11680-425,신현대11차,압구정동,압구정로 151,압구정동 433,60,A13511004,압구정신현대,road
11680-3733,롯데캐슬프레미어,삼성동,선릉로126길 22,삼성동 11,56,A13509010,삼성롯데캐슬프레미어,road
11680-303,상록수,일원동,광평로10길 15,일원동 734,54,A13594702,상록수아파트,road
11680-121,동현아파트1~6,논현동,언주로146길 18,논현동 105,54,A13582002,논현동현,road
11680-306,우성7,일원동,개포로110길 15,일원동 615,52,A13594403,개포7차우성,road
11680-423,신현대9차,압구정동,압구정로 151,압구정동 426,52,A13511004,압구정신현대,road
11680-4356,아크로힐스논현,논현동,언주로 604,논현동 276-1,51,A13501006,아크로힐스논현,road
11680-34,삼성청담공원아파트,청담동,도산대로96길 39,청담동 60,48,A13510103,삼성청담공원,road
11680-422,현대8차(성수현대:91~95동),압구정동,압구정로 309,압구정동 481,48,A13511201,압구정현대8차,road
11680-301,목련타운,일원동,광평로19길 15,일원동 716,47,A13523005,일원목련타운,road
11680-416,"현대2차(10,11,20,23,24,25동)",압구정동,압구정로29길 71,압구정동 369-1,47,A13589802,압구정현대아파트,road
11680-309,한솔마을,일원동,광평로10길 6,일원동 731,46,A13594701,한솔마을,road
11680-470,타워팰리스3,도곡동,언주로30길 26,도곡동 467-29,45,A13585403,타워팰리스G동,road
11680-168,삼성동롯데아파트,삼성동,학동로 432,삼성동 17,45,A13509007,삼성롯데,road
11680-318,수서한아름,수서동,광평로51길 22,수서동 712,45,A13588402,수서한아름,road
11680-304,샘터마을,일원동,일원로 120,일원동 718,44,A13523004,일원샘터마을,road
11680-177,서광아파트,삼성동,선릉로130길 19,삼성동 2,44,A13509006,삼성서광,road
11680-293,현대2,개포동,언주로 107,개포동 654,44,A13524006,개포2차 현대아파트,road
11680-216,개포우성2,대치동,선릉로 120,대치동 500,43,A13528105,개포1차2차우성,road
11680-373,"쌍용대치아파트1동,2동,3동,5동,6동",대치동,영동대로 210,대치동 66,43,A13583404,쌍용대치1차,road
11680-3871,래미안그레이튼,역삼동,도곡로43길 20,역삼동 763-16,42,A13579505,래미안그레이튼3차,road
11680-98,청담대림이-편한세상,청담동,학동로77길 27,청담동 30-33,42,A13510006,청담대림,road
11680-3905,래미안그레이튼(진달래2차),역삼동,도곡로43길 21,역삼동 762-3,42,A13508011,래미안그레이튼,road
11680-214,쌍용대치2,대치동,영동대로 220,대치동 65,41,A13583402,대치쌍용2차,road
11680-211,선경1차(1동-7동),대치동,삼성로 151,대치동 506,41,A13583604,대치선경,road
11680-4341,강남브리즈힐(토지임대부아파트),자곡동,자곡로3길 45,자곡동 618,41,A13520004,강남브리즈힐,road
11680-5004,래미안라클래시,삼성동,삼성로 651,삼성동 189,41,A10024131,래미안 라클래시,road
11680-349,한신(개포),도곡동,언주로 123,도곡동 464,41,A13527016,도곡개포한신아파트,road
11680-4003,강남데시앙파크,세곡동,헌릉로590길 63,세곡동 525,40,A13519005,강남데시앙파크,road
11680-372,개포우성1,대치동,선릉로 120,대치동 503,40,A13528105,개포1차2차우성,road
11680-3680,개나리래미안,역삼동,역삼로 306,역삼동 754,39,A13592601,역삼개나리래미안,road
11680-249,한화진넥스빌,역삼동,언주로86길 11,역삼동 706-20,38,A13579504,한화진넥스빌,road
11680-217,"대치우성아파트1동,2동,3동,5동,6동,7동",대치동,영동대로 230,대치동 63,38,A13583403,대치우성1차아파트,road
11680-5056,강남센트럴아이파크,역삼동,테헤란로44길 26,역삼동 902,38,A10023825,강남센트럴아이파크,road
11680-566,아카데미스위트1,도곡동,언주로30길 21,도곡동 467-7,38,A13527011,아카데미스위트,road
11680-339,도곡우성아파트,도곡동,남부순환로363길 49,도곡동 934-10,37,A13527010,도곡우성아파트,road
11680-417,현대3차(61~64동),압구정동,압구정로39길 58,압구정동 443,37,,,none
11680-323,대림아크로빌,도곡동,언주로30길 13,도곡동 467-6,36,A13527014,도곡대림아크로빌,road
11680-472,아이파크,삼성동,영동대로 640,삼성동 87,36,A13509009,아이파크삼성동,road
11680-65,청담건영,청담동,도산대로89길 49,청담동 108,36,A13576201,청담건영아파트,road
11680-421,"현대7차(73~77,82,85동)",압구정동,압구정로 201,압구정동 456,36,,,none
11680-315,동익,수서동,광평로39길 3,수서동 738,35,A13588601,수서동익,road
11680-354,현대비젼21,도곡동,언주로30길 10,도곡동 467-19,35,A13527005,현대비전21,road
11680-3559,선경2차(8동-12동),대치동,삼성로 151,대치동 506,35,A13583604,대치선경,road
11680-415,"현대1차(12,13,21,22,31,32,33동)",압구정동,압구정로29길 71,압구정동 369-1,35,A13589802,압구정현대아파트,road
11680-5015,개포더샵트리에,개포동,개포로 311,개포동 651-1,32,A13580601,개포우성9차,road
11680-3962,도곡쌍용예가,도곡동,남부순환로363길 30,도곡동 933,32,A13527019,도곡쌍용예가,road
11680-350,한신엠비씨,도곡동,논현로 205,도곡동 895-8,32,A13550403,도곡한신,road
11680-4515,역삼자이,역삼동,언주로 420,역삼동 711-3,32,A10027474,역삼자이아파트,road
11680-83,현대아파트,청담동,선릉로 748,청담동 23,32,A13510202,청담2차현대아파트,road
11680-78,청담현대3차아파트,청담동,도산대로101길 29,청담동 127-31,32,A13510102,청담현대3차,road
11680-551,마일스디오빌,논현동,학동로 165,논현동 58-2,31,A13501002,마일스디오빌,road
11680-283,개포우성3차,개포동,개포로 307,개포동 652,31,A13524004,개포우성3차,road
11680-3734,도곡1차아이파크,도곡동,도곡로28길 8,도곡동 543-7,31,A13527007,도곡1차아이파크,road
11680-285,우성8,개포동,개포로 411,개포동 179,31,A13580002,개포우성8차,road
11680-4173,래미안도곡카운티,도곡동,도곡로 320,도곡동 538-3,31,A13585404,래미안도곡카운티,road
11680-5005,대치르엘,대치동,도곡로93길 23,대치동 1030,31,A10024102,대치르엘,road
11680-194,삼성동한솔아파트,삼성동,학동로64길 7,삼성동 4-6,30,A13509004,삼성한솔,road
11680-3647,SK허브프리모,도곡동,강남대로 240,도곡동 953-1,29,A13527018,양재SK허브프리모,road
11680-351,현대아파트1동~3동,도곡동,도곡로18길 35,도곡동 961,28,,,none
11680-352,현대그린1,도곡동,논현로51길 25,도곡동 964,28,A13527002,도곡현대그린,road
11680-4297,래미안포레,자곡동,밤고개로21길 25,자곡동 687,28,A13520001,래미안포레,road
11680-428,"현대14차(203,204,205,206동)",압구정동,압구정로29길 57,압구정동 447,28,,,none
11680-4510,강남 더샵 포레스트,수서동,광평로34길 35,수서동 799,27,A10027446,강남더샵포레스트,road
11680-3732,래미안삼성2차,삼성동,선릉로130길 20,삼성동 7-3,27,A13509005,삼성래미안2차,road
11680-380,한양3,압구정동,압구정로 321,압구정동 489,26,,,none
11680-277,경남1,개포동,언주로 110,개포동 649,26,A13580602,개포경남아파트,road
11680-332,삼익,도곡동,논현로 218,도곡동 869,26,A13527006,역삼삼익,road
11680-3678,개나리푸르지오,역삼동,역삼로 314,역삼동 755-1,26,A13579501,역삼개나리푸르지오,road
11680-522,LG선릉에클라트(B),삼성동,테헤란로63길 12,삼성동 142-3,26,A13587603,선릉에클라트,road
11680-392,동부센트레빌,논현동,언주로116길 6,논현동 275,26,A13583301,논현동부센트레빌,road
11680-507,삼성동중앙하이츠빌리지,삼성동,학동로68길 30,삼성동 14-1,25,A13550701,삼성동중앙하이츠빌리지,road
11680-529,테헤란로대우아이빌(891-6),대치동,테헤란로 428,대치동 891-6,24,A13528005,테헤란로대우아이빌,road
11680-4718,삼성동센트럴아이파크,삼성동,삼성로 629,삼성동 188,24,A10026350,삼성동센트럴아이파크,road
11680-4398,강남한신휴플러스6단지,율현동,밤고개로26길 50,율현동 365,24,A10027912,강남한신휴플러스 6단지,road
11680-191,풍림(1차),삼성동,영동대로112길 15,삼성동 106,24,A13509003,삼성풍림아파트1차,road
11680-328,매봉삼성,도곡동,언주로 203,도곡동 966,24,A10024793,매봉삼성아파트,road
11680-32,청담동삼성1차(101동),청담동,삼성로133길 20,청담동 33,23,A13510001,청담삼성1차,road
11680-337,우성4,도곡동,언주로 117,도곡동 465,23,A13527013,개포4차우성,road
11680-33,삼성청담아파트,청담동,학동로 405,청담동 42,23,A13510203,청담래미안,road
11680-251,한스빌(836),역삼동,도곡로3길 26,역삼동 836,22,A13508005,역삼한스빌아파트,road
11680-3,로데오현대,신사동,압구정로50길 28,신사동 658,22,A10024814,로데오현대아파트,road
11680-21,한양6,압구정동,압구정로 313,압구정동 484,22,A13590204,압구정한양아파트제2단지,road
11680-276,경남아너스빌,역삼동,언주로85길 13,역삼동 722,22,A13508002,역삼경남,road
11680-62,진흥아파트,청담동,학동로 513,청담동 65,21,,,none
11680-237,동부센트레빌,역삼동,선릉로 423,역삼동 716,21,A13508004,역삼동부센트레빌,road
11680-41,삼환(101동),청담동,학동로77길 49,청담동 10,21,A13510201,청담삼환,road
11680-411,금호어울림,역삼동,도곡로7길 22,역삼동 835-67,21,A13591402,역삼금호어울림,road
11680-560,대우디오빌,도곡동,강남대로 256,도곡동 952,21,A13527001,도곡동양재디오빌,road
11680-381,한양4,압구정동,압구정로 313,압구정동 486,21,A13590204,압구정한양아파트제2단지,road
11680-4637,대치SKVIEW,대치동,삼성로51길 25,대치동 1029,20,A10026924,대치SK VIEW,road
11680-236,대림역삼,역삼동,언주로 316,역삼동 761-10,20,,,none
11680-252,현대까르띠에710,역삼동,언주로86길 12,역삼동 710,20,A10024820,현대까르띠에710아파트,road
11680-292,현대1차101동~106동,개포동,개포로 303,개포동 653,20,A13524005,개포현대1차,road
11680-3766,래미안펜타빌,역삼동,역삼로 309,역삼동 713-7,20,A13508006,역삼래미안펜타빌,road
11680-4293,래미안대치하이스턴,대치동,도곡로93길 12,대치동 985,19,A13528007,래미안대치하이스턴,road
11680-187,진흥아파트,삼성동,학동로88길 5,삼성동 53-2,19,,,none
11680-338,우성사원5,도곡동,언주로29길 34,도곡동 463-1,19,A13585401,개포우성5차,road
11680-427,현대13차(208~211동),압구정동,압구정로29길 23,압구정동 448,19,,,none
11680-419,"현대5차(71,72동)",압구정동,압구정로29길 68,압구정동 455,19,,,none
11680-382,한양5,압구정동,압구정로 401,압구정동 513,18,A13590602,압구정한양3단지,road
11680-330,삼성,도곡동,남부순환로379길 14,도곡동 161,18,A13527004,도곡삼성,road
11680-379,한양2,압구정동,압구정로 347,압구정동 493,18,A13551103,압구정한양아파트제1단지,road
11680-299,가람,일원동,일원로 127,일원동 735,17,A13523003,수서가람,road
11680-3739,롯데캐슬리베,대치동,도곡로 404,대치동 1025,17,A10024815,롯데캐슬리베아파트,road
11680-4291,래미안청담로이뷰,청담동,영동대로142길 16,청담동 134,17,A13510009,청담래미안로이뷰,road
11680-340,우성캐릭터199,도곡동,언주로 118,도곡동 467-24,16,A13527003,우성캐릭터199 아파트,road
11680-4949,디에이치포레센트,일원동,개포로110길 38,일원동 742,16,A10024258,디에이치포레센트아파트,road
11680-434,LG선릉에클라트(A),삼성동,선릉로100길 42,삼성동 142-7,16,,,none
11680-195,한일,삼성동,봉은사로73길 23,삼성동 48,16,A10024819,삼성동한일아파트,road
11680-311,현대4,일원동,개포로110길 21,일원동 614,15,A10027571,개포4차현대아파트,road
11680-668,대우디오빌플러스,역삼동,강남대로84길 33,역삼동 824-25,15,A13508003,대우디오빌플러스,road
11680-531,대우아이빌멤버스(891-26),대치동,삼성로85길 42,대치동 891-26,15,,,none
11680-4474,한라비발디,도곡동,남부순환로365길 33,도곡동 972,15,A10027319,도곡한라비발디아파트,road
11680-4292,청담아이파크,청담동,영동대로142길 25,청담동 130,15,A10025280,청담아이파크아파트,road
11680-228,롯데캐슬,대치동,삼성로85길 11,대치동 893,15,A10024821,대치롯데캐슬아파트,road
11680-3728,롯데캐슬노블,역삼동,도곡로13길 19,역삼동 835-68,15,A10024813,롯데캐슬노블,road
11680-73,청담우방아파트,청담동,학동로 409,청담동 43,14,,,none
11680-197,현대아파트101동,삼성동,학동로64길 14,삼성동 6,14,A13509001,삼성현대,road
11680-385,미성1차,압구정동,압구정로11길 17,압구정동 414,14,A13511001,압구정미성1차,road
11680-4050,강남서해그랑블,역삼동,논현로63길 16,역삼동 796-29,14,,,none
11680-5251,대치푸르지오써밋,대치동,삼성로72길 12,대치동 1032,14,A10023162,대치푸르지오써밋,road
11680-530,대우아이빌명문가(891-23),대치동,선릉로90길 56,대치동 891-23,14,A13528001,대치대우아이빌4차,road
11680-532,포스코더샵,대치동,삼성로 417,대치동 902,14,A13584101,대치포스코더샵,road
11680-3946,청담4차이-편한세상,청담동,학동로73길 33,청담동 28-20,14,,,none
11680-4364,청담스위트,청담동,학동로73길 13,청담동 34-13,14,,,none
11680-108,네오빌,논현동,강남대로132길 42,논현동 55-12,14,,,none
11680-136,쌍용,논현동,도산대로50길 43,논현동 103,14,A13501007,논현쌍용,road
11680-4911,논현아이파크,논현동,언주로 615,논현동 225-6,14,,,none
11680-384,한양7,압구정동,압구정로61길 37,압구정동 528,13,,,none
11680-189,청구아파트,삼성동,영동대로128길 5,삼성동 78-4,13,A13509101,삼성청구타운,road
11680-294,현대아파트3,개포동,개포로 409,개포동 177,12,A13580001,개포현대3차,road
11680-418,현대4차저층(51~56동),압구정동,압구정로33길 70,압구정동 462,12,,,none
11680-4202,한양수자인어반게이트,논현동,봉은사로29길 35,논현동 221-7,12,,,none
11680-2,압구정대원칸타빌아파트,신사동,압구정로48길 15,신사동 659,12,,,none
11680-471,하이페리온,도곡동,도곡로4길 31,도곡동 968,12,,,none
11680-3592,e-편한세상,논현동,봉은사로11길 12,논현동 195-1,12,A10022476,논현 e편한세상,road
11680-3760,역삼2차아이파크,역삼동,도곡로57길 12,역삼동 765-32,12,A13579503,역삼2차아이파크,road
11680-322,대림,도곡동,논현로41길 10,도곡동 960,12,,,none
11680-559,두산위브2단지,논현동,언주로122길 25,논현동 258,12,,,none
11680-225,현대1,대치동,영동대로57길 28,대치동 992,12,A10024799,대치1차현대아파트,road
11680-3773,청담3차이-편한세상(301동),청담동,선릉로132길 54,청담동 44-21,11,,,none
11680-104,거평프리젠,논현동,강남대로112길 41,논현동 196,11,B11680022,거평프리젠,road
11680-554,한진로즈힐,논현동,도산대로46길 21,논현동 105-4,11,,,none
11680-284,개포6차우성아파트1동~8동,개포동,언주로 3,개포동 658-1,11,A10023565,개포6차우성아파트,road
11680-558,두산위브1단지,논현동,학동로46길 38,논현동 252-1,11,,,none
11680-407,삼부아그레빌,삼성동,영동대로114길 63,삼성동 98-11,11,,,none
11680-699,논현동한화꿈에그린,논현동,논현로111길 39,논현동 205-2,11,,,none
11680-528,선릉역대우아이빌(890-49),대치동,테헤란로64길 9,대치동 890-49,11,,,none
11680-5100,개포자이르네,개포동,언주로7길 6,개포동 1283,11,,,none
11680-178,석탑아파트101동,삼성동,학동로 412,삼성동 3-3,11,A10023939,삼성석탑아파트,road
11680-3731,도곡스타클래스,도곡동,남부순환로 2615,도곡동 957-11,11,,,none
11680-6671,도곡더써밋타워,도곡동,강남대로42길 19,도곡동 954-17,11,,,none
11680-505,개포자이,개포동,개포로109길 69,개포동 12-2,10,A13593901,개포자이아파트,road
11680-278,경남2차,개포동,언주로 110,개포동 649,10,A13580602,개포경남아파트,road
11680-504,역삼동우정에쉐르1,역삼동,테헤란로4길 32,역삼동 826-29,10,,,none
11680-4284,청담신원아침도시마인,청담동,도산대로85길 30,청담동 122-35,10,,,none
11680-4084,개나리SK뷰,역삼동,역삼로 315-1,역삼동 716-3,9,A13579506,개나리SKVIEW,road
11680-4036,대명벨리온,역삼동,역삼로25길 27,역삼동 727-2,9,,,none
11680-473,동양파라곤,논현동,언주로130길 30,논현동 245,9,A13501001,동양파라곤,road
11680-158,논현베르빌,논현동,학동로30길 21,논현동 214-2,9,B11680050,논현베르빌,road
11680-424,"현대10차(201,202동)",압구정동,압구정로29길 69,압구정동 436,8,A13511101,"압구정 현대(10,13,14차)",road
11680-3651,래미안삼성1차(103-22),삼성동,영동대로114길 56,삼성동 103-22,8,A13509014,래미안삼성1차103단지,road
11680-371,개포2차현대아파트(220),개포동,언주로 103,개포동 655-2,8,,,none
11680-503,강남역우정에쉐르,역삼동,테헤란로10길 10,역삼동 823-7,8,,,none
11680-9,신성아파트101동,신사동,언주로167길 15,신사동 622,8,,,none
11680-666,진넥스빌2,역삼동,언주로86길 7,역삼동 706-24,8,,,none
11680-344,중명하니빌,도곡동,남부순환로365길 5,도곡동 965,8,B11680026,중명하니빌,road
11680-4958,시티프라디움더강남101동,역삼동,언주로 557,역삼동 900,8,,,none
11680-212,선경3차,대치동,남부순환로395길 10,대치동 602,8,B11680063,선경301(대치동),road
11680-399,롯데캐슬모닝,도곡동,도곡로14길 12,도곡동 551-28,8,,,none
11680-207,대치효성,대치동,삼성로64길 12,대치동 988-4,8,A13528008,대치효성,road
11680-3722,쌍용플레티넘밸류,역삼동,테헤란로4길 46,역삼동 826-37,8,A13508010,역삼쌍용플래티넘밸류,road
11680-3650,"청담2차이-편한세상(201동,202동,203동)",청담동,도산대로70길 25,청담동 14,7,A10024640,청담2차e편한세상아파트,road
11680-101,한신오페라하우스,청담동,삼성로135길 47,청담동 35-47,7,,,none
11680-5114,펜트힐캐스케이드,논현동,언주로 720,논현동 106,7,,,none
11680-259,현대휴먼터치빌,역삼동,논현로 565,역삼동 606-18,7,A13508001,역삼휴먼터치빌,road
11680-4317,이스턴오피스텔,역삼동,테헤란로14길 13,역삼동 735-15,7,,,none
11680-4994,펜트힐루논현,논현동,언주로 641,논현동 211-21,7,,,none
11680-3667,동양파라곤,청담동,학동로97길 31,청담동 69-18,7,,,none
11680-3624,래미안삼성1차(105-0),삼성동,영동대로114길 56,삼성동 105,7,A13509014,래미안삼성1차103단지,road
11680-3965,강남신동아파밀리에1단지,세곡동,헌릉로590길 100,세곡동 508,7,A13519001,강남신동아파밀리에1단지,road
11680-141,"청학아파트에이동,비동,씨동",논현동,도산대로 232,논현동 62-3,7,,,none
11680-496,브라운스톤역삼,역삼동,역삼로 171,역삼동 747-5,7,,,none
11680-474,대우유로카운티,청담동,도산대로92길 10,청담동 50-5,7,A13510003,청담대우유로카운티,road
11680-172,강변삼부아파트,삼성동,봉은사로113길 25,삼성동 99-12,7,,,none
11680-580,대치동우정에쉐르1,대치동,삼성로85길 38,대치동 891-28,6,,,none
11680-3964,강남신동아파밀리에2단지,세곡동,헌릉로590길 10,세곡동 511,6,A13519002,강남신동아파밀리에2단지,road
11680-493,역삼우정에쉐르2,역삼동,테헤란로48길 10,역삼동 707-18,6,,,none
11680-4643,청담디에브스아파트,청담동,도산대로92길 28,청담동 62-6,6,,,none
11680-160,논현한가람빌라트,논현동,도산대로50길 54,논현동 105-3,6,,,none
11680-269,세방하이빌1,역삼동,역삼로 240,역삼동 771-4,6,,,none
11680-3641,삼성동롯데캐슬킹덤,삼성동,선릉로112길 53,삼성동 43,6,B11680020,삼성동롯데캐슬킹덤,road
11680-213,세영팔레스타운,대치동,영동대로65길 57,대치동 975-20,6,,,none
11680-592,우성아파트,청담동,삼성로147길 22,청담동 11-25,6,,,none
11680-4542,현대썬앤빌테헤란,대치동,삼성로85길 33,대치동 894,6,,,none
11680-3730,논현동월드메르디앙,논현동,학동로38길 22,논현동 212-13,6,,,none
11680-82,현대아파트(75-1),청담동,학동로87길 7,청담동 75-1,6,,,none
11680-3726,논현파라곤,논현동,학동로 338,논현동 241-1,6,A10024035,강남파라곤,road
11680-5268,디에이치퍼스티어아이파크,개포동,개포로 310,개포동 660-4,6,A13524011,개포주공1단지,road
11680-682,대치한신휴플러스,대치동,선릉로76길 12,대치동 907-2,6,,,none
11680-435,우성리빙텔,도곡동,언주로30길 27,도곡동 467-10,6,,,none
11680-705,그랜빌캐슬,도곡동,남부순환로379길 35,도곡동 190-3,6,,,none
11680-105,경남논현,논현동,언주로116길 12,논현동 274,6,,,none
11680-3953,세곡리엔파크(3단지),세곡동,헌릉로590길 11,세곡동 516,5,A13519003,강남신동아파밀리에3단지,road
11680-47,신동아,청담동,학동로105길 30,청담동 134-16,5,A10025755,청담신동아아파트,road
11680-5027,한양립스,삼성동,선릉로92길 37-4,삼성동 142-16,5,,,none
11680-401,미켈란107,삼성동,영동대로 602,삼성동 107,5,,,none
11680-3741,도곡3차아이파크,도곡동,도곡로14길 21,도곡동 970,5,B11680041,도곡3차아이파크,road
11680-348,포스코트,도곡동,남부순환로381길 15,도곡동 164-6,5,A13550404,도곡동 포스코트 아파트,road
11680-267,역삼동하나빌,역삼동,봉은사로 312,역삼동 681-26,5,,,none
11680-519,삼성동대성유니드,삼성동,테헤란로77길 26,삼성동 129,5,A10024435,삼성동대성유니드,road
11680-4909,PH129,청담동,압구정로79길 88,청담동 129,5,,,none
11680-526,아름빌(889-74),대치동,선릉로86길 11,대치동 889-74,5,,,none
11680-3780,하이캐슬,대치동,삼성로64길 40,대치동 986-14,5,,,none
11680-3803,조이너스도곡,도곡동,강남대로48길 24,도곡동 950-19,5,,,none
11680-539,풍림아이원4차(1007-2),대치동,영동대로 330-7,대치동 1007-2,5,,,none
11680-190,푸른솔아파트1동,삼성동,학동로 420,삼성동 4-3,5,,,none
11680-4653,청담린든그로브,청담동,학동로97길 51,청담동 67-1,5,,,none
11680-404,포스코트,삼성동,봉은사로 510,삼성동 146,5,,,none
11680-467,지고하임(102동),논현동,강남대로136길 40,논현동 44-9,5,,,none
11680-295,개포현대200동,개포동,언주로 105,개포동 655-1,5,,,none
11680-3600,파크힐,도곡동,도곡로14길 14-1,도곡동 550-1,5,,,none
11680-161,우민,논현동,언주로136길 21,논현동 107-44,5,,,none
11680-274,트레벨,역삼동,도곡로57길 9-7,역삼동 766-8,5,,,none
11680-3633,청담2차이-편한세상(204동),청담동,도산대로70길 43,청담동 15,5,,,none
11680-525,미켈란147,삼성동,봉은사로 516,삼성동 147-2,5,,,none
11680-400,금호어울림,삼성동,봉은사로111길 25,삼성동 102-2,4,,,none
11680-452,우찬,신사동,압구정로18길 14-12,신사동 550-20,4,,,none
11680-18,알파임하우스1,신사동,언주로164길 20,신사동 649-5,4,,,none
11680-549,압구정하이츠파크,신사동,압구정로42길 78,신사동 632,4,A10028094,압구정하이츠파크,road
11680-5083,대치더클래스,대치동,삼성로51길 10-14,대치동 1031,4,,,none
11680-403,쌍용플래티넘,삼성동,봉은사로 474,삼성동 117,4,,,none
11680-4129,EGSoulLeader,역삼동,테헤란로14길 34,역삼동 828-28,4,,,none
11680-261,명인갤러리,역삼동,언주로75길 22,역삼동 729-37,4,,,none
11680-3648,도곡2차I'PARK,도곡동,도곡로14길 28,도곡동 969,4,B11680060,도곡2차 I-Park,road
11680-671,새롬(1164-13),개포동,논현로2길 36,개포동 1164-13,4,,,none
11680-302,삼성,일원동,개포로124길 27,일원동 626,4,,,none
11680-459,프리마빌,역삼동,역삼로25길 17,역삼동 727-11,4,,,none
11680-3645,삼성동신영지웰,삼성동,봉은사로 448,삼성동 114-11,4,,,none
11680-341,우성캐릭터빌,도곡동,언주로 122,도곡동 467-18,4,,,none
11680-383,한양8(81동한개동),압구정동,압구정로 403,압구정동 510,4,,,none
11680-3575,한신오페라하우스2차,청담동,학동로63길 14,청담동 35-48,4,,,none
11680-3704,청담2차이-편한세상(205동),청담동,도산대로78길 51,청담동 15-21,4,,,none
11680-4730,더원센트럴,논현동,학동로53길 3-8,논현동 118-8,4,,,none
11680-192,삼성풍림2차아파트,삼성동,봉은사로105길 12-7,삼성동 104,4,,,none
11680-3709,채널리저브,삼성동,삼성로 517,삼성동 144-14,4,,,none
11680-673,뉴현대파크빌,개포동,논현로2길 61-4,개포동 1164-30,4,,,none
11680-3698,삼환SOGOOD,대치동,도곡로 413,대치동 938-16,4,,,none
11680-439,은탑리더스카운티,논현동,학동로9길 15,논현동 44-6,4,,,none
11680-180,삼성파크,삼성동,삼성로99길 14,삼성동 126,4,,,none
11680-5291,도곡월드메르디앙아파트,도곡동,도곡로18길 59,도곡동 973,4,,,none
11680-6668,역삼센트럴아파트,역삼동,봉은사로26길 27,역삼동 905,4,,,none
11680-89,현대한강빌라,청담동,도산대로85길 56,청담동 106,3,,,none
11680-210,삼성3차,대치동,도곡로78길 13,대치동 1016-2,3,,,none
11680-199,호산프라자,삼성동,선릉로 604,삼성동 37,3,,,none
11680-248,리치타워,역삼동,논현로105길 52,역삼동 604,3,,,none
11680-30,목화,청담동,도산대로85길 53,청담동 105-6,3,,,none
11680-4082,상지리츠빌카일룸(65-4),삼성동,삼성로 636,삼성동 65-4,3,,,none
11680-394,풍림아이원아파트,대치동,역삼로 436,대치동 910-4,3,,,none
11680-3821,래미안신사,신사동,압구정로2길 20,신사동 506-9,3,A10024029,신사삼성래미안아파트,road
11680-3843,논현웰스톤,논현동,학동로43길 38,논현동 108,3,,,none
11680-3581,시티(B동),삼성동,봉은사로109길 66-7,삼성동 97-2,3,,,none
11680-5065,브라이튼N40,논현동,논현로131길 44,논현동 40,3,,,none
11680-4667,동원스위트뷰역삼,역삼동,역삼로19길 25,역삼동 745-13,3,,,none
11680-433,필로스(193-45),도곡동,남부순환로381길 57,도곡동 193-45,3,,,none
11680-527,대치동우정에쉐르2(890-42),대치동,테헤란로68길 15,대치동 890-42,3,,,none
11680-5002,브르넨삼성,삼성동,영동대로122길 2,삼성동 90,3,,,none
11680-369,상지리츠빌4B,청담동,압구정로77길 39,청담동 114-18,3,,,none
11680-155,현대인텔렉스,논현동,언주로 620,논현동 261,3,,,none
11680-3683,역삼디오슈페리움,역삼동,강남대로 324,역삼동 832-5,3,,,none
11680-664,우림루미아트2,역삼동,언주로90길 4,역삼동 706-10,3,,,none
11680-46,상지리츠빌6,청담동,도산대로85길 52,청담동 106-1,3,,,none
11680-3721,쎄비앙102동,역삼동,역삼로34길 25,역삼동 778-5,3,,,none
11680-396,풍림아이원2차202동,대치동,역삼로74길 8,대치동 910-6,3,,,none
11680-498,상지리츠빌(2호라인),역삼동,언주로 322,역삼동 761,3,,,none
11680-598,삼성월드타워,삼성동,학동로 408,삼성동 3-1,3,,,none
11680-1364,아람손프라자/비바빌,개포동,논현로2길 22,개포동 1164-7,3,,,none
11680-3665,영무예다음,삼성동,봉은사로72길 33,삼성동 122-7,3,,,none
11680-4914,에비뉴나인티,청담동,도산대로59길 24,청담동 90-13,3,,,none
11680-490,역삼예명,역삼동,봉은사로34길 53,역삼동 664-5,3,,,none
11680-3574,휴먼스타빌,청담동,도산대로 454,청담동 5-25,3,A13510002,청담휴먼스타빌,road
11680-128,세호시티라이프,논현동,강남대로128길 27,논현동 122-25,3,,,none
11680-3705,한화꿈에그린2차,논현동,봉은사로21길 19,논현동 194-23,3,,,none
11680-708,대명비발디,도곡동,도곡로6길 18,도곡동 944-6,3,,,none
11680-4957,시티프라디움더강남201동,역삼동,언주로 555,역삼동 901,3,,,none
11680-124,삼성빌라트,논현동,학동로31길 29,논현동 79-5,3,,,none
11680-3779,아펠바움,삼성동,영동대로114길 72,삼성동 99-3,2,,,none
11680-713,하야트빌,신사동,논현로159길 56,신사동 551-5,2,,,none
11680-469,마블하우스,논현동,봉은사로51길 36,논현동 267-23,2,,,none
11680-265,역삼동칼라,역삼동,논현로101길 6,역삼동 607-17,2,,,none
11680-17,신사동닛시빌라트,신사동,압구정로42길 46,신사동 634-14,2,,,none
11680-171,삼부아파트102동,삼성동,봉은사로111길 34,삼성동 99,2,,,none
11680-273,공간쉐르빌,역삼동,언주로63길 32,역삼동 783-30,2,,,none
11680-16,대성아파트,신사동,논현로151길 45,신사동 540-2,2,,,none
11680-22,현대빌라트,압구정동,압구정로29길 49,압구정동 446,2,,,none
11680-665,우림루미아트1,역삼동,언주로90길 6,역삼동 706-11,2,,,none
11680-4584,더갤러리파크,청담동,영동대로141길 14,청담동 54-5,2,,,none
11680-672,새롬(1164-14),개포동,논현로2길 38,개포동 1164-14,2,,,none
11680-591,상지리츠빌9차,청담동,압구정로77길 27,청담동 116-10,2,,,none
11680-4359,청담아르지움,청담동,삼성로135길 15,청담동 32,2,,,none
11680-50,씨티2차(201동),청담동,선릉로190길 92,청담동 104-19,2,,,none
11680-508,SM드림빌,삼성동,봉은사로61길 34,삼성동 29-11,2,,,none
11680-547,현대아인빌,신사동,압구정로22길 29,신사동 569-1,2,,,none
11680-3635,현대삼성동1차,삼성동,삼성로120길 52-5,삼성동 57-9,2,,,none
11680-461,노블스위트,역삼동,역삼로19길 14,역삼동 747,2,,,none
11680-193,풍림,삼성동,테헤란로77길 22,삼성동 129-20,2,,,none
11680-582,힐타워,논현동,강남대로132길 26,논현동 53-1,2,,,none
11680-3899,마크힐스이스트윙,청담동,영동대로142길 19,청담동 130-7,2,,,none
11680-4096,논현라폴리움,논현동,학동로46길 32,논현동 252,2,,,none
11680-402,아셈,삼성동,영동대로112길 22,삼성동 108-1,2,,,none
11680-4069,요진와이시티미니,역삼동,역삼로25길 21,역삼동 727-9,2,,,none
11680-3862,로덴하우스웨스트빌리지,도곡동,남부순환로378길 11,도곡동 462-2,2,,,none
11680-4655,프리빌리지,역삼동,언주로81길 28,역삼동 723-16,2,,,none
11680-67,청담로얄카운티,청담동,도산대로83길 27,청담동 117-3,2,,,none
11680-500,경일역삼,역삼동,논현로72길 32,역삼동 775-14,2,,,none
11680-39,삼호빌라A동,청담동,도산대로83길 43,청담동 113-16,2,,,none
11680-678,청담8차상지리츠빌,청담동,도산대로83길 22,청담동 121-14,2,,,none
11680-3686,래미안삼성1차(201동),삼성동,영동대로114길 56,삼성동 102,2,A13509014,래미안삼성1차103단지,road
11680-87,청담동현대빌라트,청담동,도산대로83길 36,청담동 121,2,,,none
11680-4802,효성빌라청담101(B동),청담동,압구정로71길 28,청담동 101-17,2,,,none
11680-476,대우로얄카운티2,청담동,도산대로81길 26,청담동 116-5,2,,,none
11680-3632,레미안삼성1차(101동),삼성동,영동대로114길 56,삼성동 104-10,2,A13509014,래미안삼성1차103단지,road
11680-687,청원,대치동,도곡로69길 16,대치동 934-1,2,,,none
11680-513,삼성리치빌1,삼성동,학동로82길 6,삼성동 52-9,2,,,none
11680-485,진흥아마란스,신사동,언주로157길 23,신사동 626-1,2,,,none
11680-329,벨라빌,도곡동,남부순환로375길 6,도곡동 193-42,2,,,none
11680-4756,라테라스청담,청담동,학동로81길 9,청담동 76-12,2,,,none
11680-3570,역삼동월드메르디앙,역삼동,도곡로21길 15,역삼동 795-41,2,,,none
11680-412,영풍마드레빌,청담동,학동로63길 13,청담동 36,2,,,none
11680-3923,삼성동신도브래뉴,삼성동,삼성로103길 12,삼성동 121-38,2,,,none
11680-3740,RudenHouse,신사동,강남대로162길 41-8,신사동 524-8,2,,,none
11680-3712,상지리츠빌역삼2차,역삼동,도곡로43길 37,역삼동 761-3,2,,,none
11680-581,리치타운,개포동,개포로28길 28,개포동 1204-5,2,,,none
11680-15,신사동씨티빌,신사동,강남대로162길 27-26,신사동 523-4,2,,,none
11680-686,한티(933-0),대치동,도곡로73길 18,대치동 933,2,,,none
11680-436,연세리버테라스,청담동,선릉로190길 64,청담동 102,2,,,none
11680-599,우림루미아트,삼성동,봉은사로81길 8,삼성동 75-3,2,,,none
11680-3881,청담파라곤Ⅱ2단지,청담동,선릉로190길 68,청담동 102-13,2,,,none
11680-602,하이캐슬102동,대치동,삼성로64길 36,대치동 986,2,,,none
11680-494,우정에쉐르멤버스,역삼동,선릉로87길 14,역삼동 708-31,2,,,none
11680-589,울트라멤버스,도곡동,남부순환로381길 25,도곡동 162-4,2,,,none
11680-266,로얄빌리지,역삼동,테헤란로21길 18,역삼동 644-6,2,,,none
11680-61,청담힐(에이동)진도(비동),청담동,압구정로77길 36,청담동 113,2,,,none
11680-3672,신성미소시티,대치동,역삼로 451,대치동 904-10,2,,,none
11680-3628,블루밍하우스,삼성동,학동로82길 25,삼성동 64-4,2,,,none
11680-4197,삼성동라테라스,삼성동,봉은사로 645,삼성동 110-2,2,,,none
11680-463,노블카운티,역삼동,도곡로19길 13,역삼동 794-24,2,,,none
11680-3844,로체샤르캐슬,논현동,언주로136길 16,논현동 114-23,2,,,none
11680-3879,도곡지웰카운티101동,도곡동,남부순환로373길 3,도곡동 199-4,2,,,none
11680-24,구산,청담동,도산대로101길 34,청담동 128-1,2,,,none
11680-355,도곡현대힐스테이트103동,도곡동,남부순환로379길 19,도곡동 183-8,2,,,none
11680-3660,우찬현대(1260-2),개포동,개포로31길 9-9,개포동 1260-2,2,,,none
11680-567,현대아이리스1,도곡동,도곡로6길 14,도곡동 944-5,2,,,none
11680-670,새롬(1164-12),개포동,논현로2길 34,개포동 1164-12,2,,,none
11680-689,대치하나빌,대치동,삼성로57길 37-5,대치동 1015-6,2,,,none
11680-97,청담매스터빌,청담동,도산대로81길 69,청담동 141-1,2,,,none
11680-4763,이지마루역삼,역삼동,테헤란로27길 8-14,역삼동 678-27,2,,,none
11680-3958,이산,논현동,논현로111길 34,논현동 194-22,2,,,none
11680-483,청담그랑빌,청담동,학동로77길 5,청담동 46-5,1,,,none
11680-3577,대우멤버스카운티501,삼성동,봉은사로55길 36,삼성동 33-22,1,,,none
11680-3661,우찬현대(1260-4),개포동,개포로31길 9-5,개포동 1260-4,1,,,none
11680-683,대치타워,대치동,삼성로71길 11-8,대치동 914-8,1,,,none
11680-90,호원빌라,청담동,압구정로75길 15,청담동 115-17,1,,,none
11680-3659,이니그마빌-III,도곡동,남부순환로373길 21,도곡동 201,1,,,none
11680-521,이안애2차,삼성동,테헤란로77길 27,삼성동 130-6,1,,,none
11680-3755,리갈팰리스,신사동,도산대로35길 46,신사동 626,1,,,none
11680-3479,도곡하이빌,도곡동,남부순환로363길 9-6,도곡동 919-3,1,,,none
11680-3673,신사아이빌(522),신사동,압구정로2길 15,신사동 522,1,,,none
11680-230,메트로,대치동,삼성로75길 34,대치동 901-51,1,,,none
11680-444,논현아트빌,논현동,논현로124길 7,논현동 215-14,1,,,none
11680-518,삼성오네뜨,삼성동,테헤란로79길 42,삼성동 127-5,1,,,none
11680-675,아노스카운트빌라트,청담동,도산대로61길 13,청담동 90-17,1,,,none
11680-3685,상지리츠빌카일룸2차,청담동,압구정로79길 87,청담동 128-18,1,,,none
11680-479,포이벨리,개포동,양재대로 379,개포동 1164-28,1,,,none
11680-706,PLUMHILLS,도곡동,남부순환로373길 26,도곡동 193-67,1,,,none
11680-263,역삼카이스아파트,역삼동,도곡로7길 23,역삼동 836-35,1,,,none
11680-544,청림빌,신사동,논현로153길 42,신사동 555-11,1,,,none
11680-595,우정에쉐르3,역삼동,언주로86길 25,역삼동 707-15,1,,,none
11680-511,그라나다,삼성동,선릉로112길 74,삼성동 45-5,1,,,none
11680-1,강남상가,신사동,압구정로2길 46,신사동 510-11,1,,,none
11680-570,청담대우멤버스카운티7차,청담동,도산대로85길 50-14,청담동 110-3,1,,,none
11680-366,도곡현대힐스테이트102동,도곡동,남부순환로377길 18,도곡동 183-7,1,,,none
11680-3861,로덴하우스이스트빌리지,도곡동,남부순환로378길 9,도곡동 462-1,1,,,none
11680-3670,프리우스역삼101동,역삼동,강남대로94길 51-14,역삼동 636-33,1,,,none
11680-4862,청담어퍼하우스,청담동,학동로81길 28,청담동 64-1,1,,,none
11680-477,리더스,개포동,논현로2길 62,개포동 1164-25,1,,,none
11680-454,청담파크빌,청담동,학동로 437-5,청담동 46-12,1,,,none
11680-356,도곡현대힐스테이트101동,도곡동,남부순환로379길 15,도곡동 183,1,,,none
11680-49,씨티2차(202동),청담동,선릉로190길 90,청담동 104-13,1,,,none
11680-1327,(828-21),역삼동,테헤란로10길 25,역삼동 828-21,1,,,none
11680-3613,도곡푸르지오,도곡동,강남대로54길 6,도곡동 949-1,1,,,none
11680-231,세연파크뷰,대치동,삼성로63길 16-5,대치동 929-8,1,,,none
11680-3981,상지리츠빌카일룸(1009-4),대치동,도곡로 603,대치동 1009-4,1,,,none
11680-132,신동아,논현동,논현로118길 17,논현동 222-18,1,,,none
11680-441,요진보네르,논현동,학동로5길 20,논현동 46-3,1,,,none
11680-533,동민맥스빌A동,대치동,선릉로62길 38,대치동 938-11,1,,,none
11680-3863,빌폴라리스,청담동,압구정로79길 76,청담동 129-7,1,,,none
11680-326,럭키(462),도곡동,남부순환로 2740,도곡동 462,1,,,none
11680-370,상지리츠빌5B,청담동,도산대로101길 17-5,청담동 127-37,1,,,none
11680-235,네스빌(728-10),역삼동,테헤란로28길 47,역삼동 728-10,1,,,none
11680-40,삼호빌라씨동,청담동,도산대로83길 55,청담동 104-5,1,,,none
11680-5045,도곡루아르,도곡동,도곡로 128,도곡동 941-1,1,,,none
11680-432,지고하임(101동),논현동,학동로9길 21,논현동 44-8,1,,,none
11680-27,대우리츠카운티,청담동,도산대로83길 35,청담동 117-22,1,,,none
11680-3860,삼성동브라운스톤레전드,삼성동,선릉로 660,삼성동 8-2,1,,,none
11680-4218,엘에이치삼성도시형생활주택,삼성동,영동대로112길 46,삼성동 109-21,1,,,none
11680-3855,상지리츠빌카일룸3차,청담동,압구정로79길 72,청담동 129-16,1,,,none
11680-26,뉴현대리버빌,청담동,영동대로142길 7,청담동 130-10,1,,,none
11680-5257,아츠논현,논현동,언주로 624,논현동 249-9,1,,,none
11680-5272,원에디션강남,역삼동,언주로 563,역삼동 653-4,1,A10022749,원에디션강남,road
11680-548,압구정케이씨씨(622-1),신사동,언주로167길 9,신사동 622-1,1,,,none
11680-5042,효성빌라청담101(2차),청담동,압구정로75길 27,청담동 115-6,1,,,none
11680-3819,아델하우스,삼성동,학동로82길 29,삼성동 64-5,1,,,none
11680-3814,예지인,역삼동,테헤란로10길 42,역삼동 828-11,1,,,none
11680-712,도곡그린빌,도곡동,강남대로44길 24,도곡동 955,1,,,none
11680-681,삼부아파트(101동),삼성동,봉은사로111길 26,삼성동 99-13,1,,,none
11680-450,신동아빌라트,청담동,도산대로81길 61,청담동 141-6,1,,,none
11680-59,연세청담파크빌,청담동,삼성로140길 35,청담동 59-21,1,,,none
11680-179,세방타운하우스,삼성동,삼성로120길 21,삼성동 64-7,1,,,none
11680-534,동민맥스빌B동,대치동,도곡로69길 7,대치동 938-13,1,,,none
11680-368,삼호빌라B동,청담동,도산대로83길 49,청담동 113-23,1,,,none
11680-4399,강남한신휴플러스8단지,율현동,밤고개로27길 20,율현동 513,1,,,none
11680-3626,강남한솔,역삼동,도곡로19길 17,역삼동 794-19,1,,,none
11680-3690,논현프라임아파트,논현동,봉은사로11길 11,논현동 196-4,1,,,none
11680-298,개포현대6차,개포동,개포로15길 32-8,개포동 1242-2,1,,,none
11680-685,동양,대치동,선릉로72길 10-7,대치동 920-32,1,,,none
11680-410,역삼르비앙1,역삼동,도곡로11길 13,역삼동 835-12,1,,,none
11680-717,논현동프라임,논현동,논현로113길 5,논현동 192-3,1,,,none
11680-25,골든아트빌,청담동,삼성로135길 28,청담동 28-13,1,,,none
11680-3578,대우멤버스카운티301,삼성동,봉은사로57길 33,삼성동 33-24,1,,,none
11680-3176,학동,논현동,논현로124길 28,논현동 217-34,1,,,none
11680-553,케이씨빌,논현동,선릉로137길 20,논현동 104-23,1,,,none
11680-3583,삼성웰피아,삼성동,테헤란로77길 31,삼성동 130-2,1,,,none
11680-594,역삼엔스위트102동,역삼동,언주로103길 14,역삼동 656-31,1,,,none
11680-568,뉴현대,신사동,압구정로18길 14-14,신사동 550-5,1,,,none
11680-164,테크노빌라트,논현동,선릉로111길 38-16,논현동 271-6,1,,,none
11680-3697,선릉역풍림아이원레몬,대치동,테헤란로64길 13,대치동 890-54,1,,,none
11680-556,제이빌,논현동,학동로43길 30,논현동 108-2,1,,,none
11680-584,토미,신사동,논현로158길 17,신사동 593-32,1,,,none
11680-4863,강남웅진베어스빌,역삼동,도곡로 113,역삼동 838-10,1,,,none
11680-137,논현빌라트,논현동,선릉로137길 6,논현동 102-9,1,,,none
11680-84,현대빌라(43-1),청담동,선릉로132길 42,청담동 43-1,1,,,none
11680-260,풍림지오빌,역삼동,테헤란로5길 36,역삼동 635-5,1,,,none
11680-674,포이현대빌라트,개포동,논현로4길 50,개포동 1165,1,,,none
11680-431,비쥬힐,논현동,학동로21길 23,논현동 39-10,1,,,none
11680-509,대우멤버스카운티201,삼성동,봉은사로57길 37,삼성동 33-20,1,,,none
11680-6669,아크로삼성,삼성동,영동대로128길 15,삼성동 79,1,A13586602,삼성홍실,road
11680-663,에벤에셀빌라트,역삼동,언주로104길 35,역삼동 685-19,1,,,none
11680-233,거평빌라트,역삼동,도곡로17길 12,역삼동 794-28,1,,,none
11680-574,청담대우멤버스카운티9차,청담동,도산대로99길 28-7,청담동 110-7,1,,,none
11680-447,한양팰리스,대치동,삼성로61길 9,대치동 941-13,1,,,none
11680-449,상지리츠빌,개포동,개포로 405,개포동 176-1,1,,,none
11680-5267,에테르노청담,청담동,도산대로85길 50-13,청담동 106-7,1,,,none
11680-576,청담대우멤버스카운티12차,청담동,도산대로99길 30,청담동 110-11,1,,,none
11680-4871,BRUNNEN청담,청담동,도산대로99길 68,청담동 114-9,1,,,none
11680-3840,네오블로썸,삼성동,선릉로112길 47,삼성동 42-4,1,,,none
11680-99,이니그마빌2,청담동,도산대로61길 19,청담동 90-10,1,,,none
